{
    "jap_precomp.test.jt/pred_time": 0.8444099699991057,
    "jap_precomp.test.jt/sim_time": 45.96779637999134,
    "jap_precomp.test.jt/i2t_r1": 52.917093142272265,
    "jap_precomp.test.jt/i2t_r5": 82.49744114636643,
    "jap_precomp.test.jt/i2t_r10": 92.73285568065506,
    "jap_precomp.test.jt/i2t_medr": 1.0,
    "jap_precomp.test.jt/i2t_meanr": 5.294779938587513,
    "jap_precomp.test.jt/t2i_r1": 36.438075742067554,
    "jap_precomp.test.jt/t2i_r5": 72.32343909928352,
    "jap_precomp.test.jt/t2i_r10": 84.81064483111567,
    "jap_precomp.test.jt/t2i_medr": 2.0,
    "jap_precomp.test.jt/t2i_meanr": 8.953940634595702,
    "jap_precomp.test.jt/rsum": 421.7195496417605
}
