{"m30k_precomp.test.de/pred_time": 0.01632064500154229, "m30k_precomp.test.de/sim_time": 0.40099871400161646, "m30k_precomp.test.de/i2t_r1": 50.9, "m30k_precomp.test.de/i2t_r5": 79.8, "m30k_precomp.test.de/i2t_r10": 86.4, "m30k_precomp.test.de/i2t_medr": 1.0, "m30k_precomp.test.de/i2t_meanr": 9.004, "m30k_precomp.test.de/t2i_r1": 33.2, "m30k_precomp.test.de/t2i_r5": 62.86, "m30k_precomp.test.de/t2i_r10": 73.5, "m30k_precomp.test.de/t2i_medr": 3.0, "m30k_precomp.test.de/t2i_meanr": 27.4092, "m30k_precomp.test.de/rsum": 386.65999999999997}