{"f30k_precomp.test.en/pred_time": 0.009204765003232751, "f30k_precomp.test.en/sim_time": 0.5795846379987779, "f30k_precomp.test.en/i2t_r1": 62.0, "f30k_precomp.test.en/i2t_r5": 85.7, "f30k_precomp.test.en/i2t_r10": 92.1, "f30k_precomp.test.en/i2t_medr": 1.0, "f30k_precomp.test.en/i2t_meanr": 7.307, "f30k_precomp.test.en/t2i_r1": 42.74, "f30k_precomp.test.en/t2i_r5": 73.52, "f30k_precomp.test.en/t2i_r10": 82.5, "f30k_precomp.test.en/t2i_medr": 2.0, "f30k_precomp.test.en/t2i_meanr": 13.7002, "f30k_precomp.test.en/rsum": 438.55999999999995}