{"f30k_precomp.test.en/pred_time": 0.014693715027533472, "f30k_precomp.test.en/sim_time": 0.26730416307691485, "f30k_precomp.test.en/i2t_r1": 66.6, "f30k_precomp.test.en/i2t_r5": 89.6, "f30k_precomp.test.en/i2t_r10": 94.8, "f30k_precomp.test.en/i2t_medr": 1.0, "f30k_precomp.test.en/i2t_meanr": 4.2989999999999995, "f30k_precomp.test.en/t2i_r1": 48.78, "f30k_precomp.test.en/t2i_r5": 78.12, "f30k_precomp.test.en/t2i_r10": 85.62, "f30k_precomp.test.en/t2i_medr": 2.0, "f30k_precomp.test.en/t2i_meanr": 11.2272, "f30k_precomp.test.en/rsum": 463.52}