{"f30k_precomp.test.en/pred_time": 0.013893282040953636, "f30k_precomp.test.en/sim_time": 0.27562085492536426, "f30k_precomp.test.en/i2t_r1": 67.2, "f30k_precomp.test.en/i2t_r5": 88.4, "f30k_precomp.test.en/i2t_r10": 93.5, "f30k_precomp.test.en/i2t_medr": 1.0, "f30k_precomp.test.en/i2t_meanr": 4.679, "f30k_precomp.test.en/t2i_r1": 48.0, "f30k_precomp.test.en/t2i_r5": 76.26, "f30k_precomp.test.en/t2i_r10": 84.48, "f30k_precomp.test.en/t2i_medr": 2.0, "f30k_precomp.test.en/t2i_meanr": 12.6676, "f30k_precomp.test.en/rsum": 457.84000000000003}