{"0.0": {"t2i": [42.1, 72.44, 81.6, 2.0, 15.2278], "i2t": [62.0, 86.4, 92.2, 1.0, 15.2278]}, "0.25": {"t2i": [5.7, 16.52, 23.3, 79.0, 182.9454], "i2t": [12.9, 32.6, 42.7, 16.0, 182.9454]}, "0.37": {"t2i": [2.08, 5.76, 9.04, 227.0, 308.1342], "i2t": [5.5, 13.3, 20.5, 83.0, 308.1342]}, "0.47000000000000003": {"t2i": [0.74, 2.56, 4.38, 343.0, 389.8898], "i2t": [1.9, 6.5, 10.2, 229.0, 389.8898]}, "0.04": {"t2i": [36.24, 65.66, 75.66, 3.0, 21.6588], "i2t": [54.7, 84.6, 91.0, 1.0, 21.6588]}, "0.11": {"t2i": [23.46, 48.68, 59.28, 6.0, 48.9222], "i2t": [38.2, 71.8, 82.3, 2.0, 48.9222]}, "0.18": {"t2i": [12.72, 30.54, 40.34, 20.0, 102.2332], "i2t": [26.9, 54.2, 65.6, 4.0, 102.2332]}, "0.41000000000000003": {"t2i": [1.14, 4.06, 6.88, 278.0, 342.348], "i2t": [3.9, 9.6, 14.4, 114.0, 342.348]}, "0.36": {"t2i": [1.94, 6.08, 9.34, 224.0, 306.1014], "i2t": [5.3, 14.9, 21.0, 77.0, 306.1014]}, "0.19": {"t2i": [11.6, 28.08, 37.3, 25.0, 107.73], "i2t": [24.4, 50.3, 63.6, 5.0, 107.73]}, "0.03": {"t2i": [38.06, 66.56, 76.98, 2.0, 19.3256], "i2t": [54.9, 82.4, 89.7, 1.0, 19.3256]}, "0.35000000000000003": {"t2i": [2.0, 6.78, 10.34, 199.0, 289.745], "i2t": [5.9, 15.1, 22.5, 56.0, 289.745]}, "0.42": {"t2i": [0.92, 3.64, 6.0, 302.0, 359.944], "i2t": [3.1, 9.4, 14.3, 151.0, 359.944]}, "0.28": {"t2i": [4.32, 12.72, 18.64, 97.0, 210.5534], "i2t": [12.6, 29.4, 39.2, 20.0, 210.5534]}, "0.01": {"t2i": [38.2, 68.5, 77.66, 2.0, 18.7622], "i2t": [57.5, 85.0, 91.6, 1.0, 18.7622]}, "0.34": {"t2i": [2.56, 7.5, 11.12, 185.0, 281.298], "i2t": [7.2, 19.3, 26.2, 51.0, 281.298]}, "0.29": {"t2i": [4.34, 12.76, 17.22, 114.0, 223.2328], "i2t": [11.9, 26.3, 35.8, 25.0, 223.2328]}, "0.12": {"t2i": [21.34, 44.7, 54.96, 7.0, 60.8758], "i2t": [36.5, 66.3, 77.5, 2.0, 60.8758]}, "0.13": {"t2i": [19.4, 42.1, 52.54, 9.0, 64.04560000000001], "i2t": [35.0, 64.4, 75.2, 3.0, 64.04560000000001]}, "0.46": {"t2i": [0.66, 2.96, 4.72, 351.0, 393.9838], "i2t": [1.9, 6.2, 8.4, 207.0, 393.9838]}, "0.06": {"t2i": [32.26, 60.8, 71.1, 3.0, 27.5498], "i2t": [50.5, 78.8, 87.2, 1.0, 27.5498]}, "0.24": {"t2i": [6.98, 18.82, 25.56, 59.0, 160.9212], "i2t": [15.0, 35.7, 48.4, 11.0, 160.9212]}, "0.45": {"t2i": [0.9, 2.98, 5.2, 343.0, 384.718], "i2t": [2.7, 7.1, 10.8, 184.0, 384.718]}, "0.08": {"t2i": [28.28, 55.9, 65.8, 4.0, 36.493], "i2t": [46.2, 76.6, 85.9, 2.0, 36.493]}, "0.21": {"t2i": [9.02, 24.34, 32.66, 37.0, 130.7334], "i2t": [21.8, 44.7, 55.1, 8.0, 130.7334]}, "0.44": {"t2i": [1.16, 3.24, 5.1, 320.0, 373.5718], "i2t": [2.7, 7.6, 12.0, 177.0, 373.5718]}, "0.22": {"t2i": [8.96, 21.26, 29.74, 42.0, 144.8136], "i2t": [17.6, 39.8, 52.4, 9.0, 144.8136]}, "0.09": {"t2i": [25.9, 53.08, 63.34, 5.0, 38.8882], "i2t": [43.0, 73.0, 83.9, 2.0, 38.8882]}, "0.33": {"t2i": [2.6, 8.28, 12.34, 169.0, 267.534], "i2t": [7.3, 18.8, 26.7, 50.0, 267.534]}, "0.4": {"t2i": [1.4, 4.96, 7.7, 268.0, 335.4138], "i2t": [4.6, 12.9, 16.6, 102.0, 335.4138]}, "0.3": {"t2i": [3.86, 10.98, 15.96, 136.0, 237.703], "i2t": [9.8, 23.9, 32.7, 30.0, 237.703]}, "0.15": {"t2i": [17.06, 37.88, 46.66, 13.0, 79.2694], "i2t": [30.2, 59.8, 73.4, 4.0, 79.2694]}, "0.2": {"t2i": [9.78, 25.36, 33.8, 33.0, 128.4108], "i2t": [19.2, 45.5, 56.1, 7.0, 128.4108]}, "0.27": {"t2i": [5.86, 14.32, 20.36, 90.0, 200.272], "i2t": [12.6, 31.1, 40.3, 18.0, 200.272]}, "0.48": {"t2i": [0.82, 2.46, 4.1, 365.0, 399.811], "i2t": [2.2, 6.1, 8.5, 223.0, 399.811]}, "0.49": {"t2i": [0.6, 2.3, 3.74, 382.0, 414.4464], "i2t": [1.7, 5.7, 8.1, 266.0, 414.4464]}, "0.23": {"t2i": [7.54, 19.92, 27.46, 53.0, 154.4454], "i2t": [15.5, 35.8, 48.9, 11.0, 154.4454]}, "0.14": {"t2i": [17.66, 40.06, 50.0, 10.0, 76.095], "i2t": [31.7, 60.7, 73.7, 3.0, 76.095]}, "0.43": {"t2i": [0.76, 3.2, 5.52, 299.0, 364.1052], "i2t": [2.1, 8.2, 12.2, 165.0, 364.1052]}, "0.16": {"t2i": [16.16, 35.16, 44.28, 15.0, 84.8696], "i2t": [28.0, 58.4, 69.5, 4.0, 84.8696]}, "0.05": {"t2i": [34.9, 63.34, 73.48, 3.0, 25.7128], "i2t": [54.0, 80.6, 88.9, 1.0, 25.7128]}, "0.1": {"t2i": [24.72, 50.36, 61.52, 5.0, 45.6698], "i2t": [39.1, 72.0, 81.8, 2.0, 45.6698]}, "0.02": {"t2i": [38.58, 68.16, 77.78, 2.0, 19.0676], "i2t": [56.5, 83.7, 90.9, 1.0, 19.0676]}, "0.32": {"t2i": [3.66, 9.26, 13.5, 169.0, 260.3166], "i2t": [8.7, 23.2, 30.4, 37.0, 260.3166]}, "0.39": {"t2i": [1.68, 5.04, 7.5, 244.0, 325.2256], "i2t": [4.8, 12.7, 18.1, 109.0, 325.2256]}, "0.17": {"t2i": [14.1, 32.48, 41.66, 19.0, 95.5246], "i2t": [24.6, 52.7, 65.7, 5.0, 95.5246]}, "0.26": {"t2i": [5.58, 15.34, 22.48, 83.0, 190.2292], "i2t": [12.2, 31.7, 41.0, 17.0, 190.2292]}, "0.31": {"t2i": [3.28, 10.44, 15.4, 145.0, 245.5522], "i2t": [7.3, 21.6, 30.5, 32.0, 245.5522]}, "0.38": {"t2i": [1.7, 4.78, 7.56, 242.0, 318.8892], "i2t": [4.0, 11.2, 18.0, 101.0, 318.8892]}, "0.07": {"t2i": [30.28, 57.84, 67.92, 4.0, 32.3378], "i2t": [47.7, 78.2, 85.5, 2.0, 32.3378]}}