{"0.0": {"t2i": [42.68, 72.0, 81.36, 2.0, 15.089], "i2t": [60.2, 84.9, 90.8, 1.0, 15.089]}, "0.25": {"t2i": [2.1, 6.04, 9.06, 270.0, 345.6098], "i2t": [6.6, 18.1, 26.3, 56.0, 345.6098]}, "0.37": {"t2i": [0.72, 2.06, 3.22, 407.0, 440.3808], "i2t": [2.4, 8.4, 11.2, 263.0, 440.3808]}, "0.47000000000000003": {"t2i": [0.24, 0.9, 1.76, 469.0, 478.4394], "i2t": [1.5, 3.8, 4.9, 500.0, 478.4394]}, "0.04": {"t2i": [31.74, 59.34, 69.74, 3.0, 30.16], "i2t": [48.7, 78.9, 88.5, 2.0, 30.16]}, "0.11": {"t2i": [13.04, 30.02, 39.3, 22.0, 113.046], "i2t": [24.4, 54.5, 68.3, 5.0, 113.046]}, "0.18": {"t2i": [4.7, 13.04, 18.0, 126.0, 240.8486], "i2t": [14.1, 31.3, 42.5, 17.0, 240.8486]}, "0.41000000000000003": {"t2i": [0.32, 1.48, 2.48, 437.0, 455.0866], "i2t": [2.0, 5.0, 8.2, 336.0, 455.0866]}, "0.36": {"t2i": [0.36, 1.9, 3.4, 414.0, 438.9448], "i2t": [3.6, 8.4, 11.7, 289.0, 438.9448]}, "0.19": {"t2i": [4.48, 11.72, 16.2, 149.0, 256.03340000000003], "i2t": [11.3, 29.1, 38.9, 19.0, 256.03340000000003]}, "0.03": {"t2i": [33.7, 62.82, 72.86, 3.0, 26.0774], "i2t": [51.1, 79.8, 88.0, 1.0, 26.0774]}, "0.35000000000000003": {"t2i": [0.58, 1.9, 3.22, 404.0, 432.8082], "i2t": [3.5, 8.4, 10.7, 252.0, 432.8082]}, "0.42": {"t2i": [0.26, 1.22, 2.46, 453.0, 462.6], "i2t": [1.8, 5.6, 8.2, 387.0, 462.6]}, "0.28": {"t2i": [1.42, 4.34, 7.12, 331.0, 377.6982], "i2t": [5.6, 15.3, 21.2, 92.0, 377.6982]}, "0.01": {"t2i": [35.64, 65.24, 74.92, 3.0, 22.2604], "i2t": [53.7, 81.6, 90.2, 1.0, 22.2604]}, "0.34": {"t2i": [0.76, 2.38, 3.9, 406.0, 426.7648], "i2t": [3.9, 10.9, 14.7, 218.0, 426.7648]}, "0.29": {"t2i": [1.32, 4.02, 6.24, 326.0, 381.3962], "i2t": [5.6, 14.6, 20.9, 98.0, 381.3962]}, "0.12": {"t2i": [11.88, 27.02, 35.16, 30.0, 131.4828], "i2t": [25.8, 53.1, 64.7, 5.0, 131.4828]}, "0.13": {"t2i": [9.5, 24.18, 32.52, 40.0, 150.6054], "i2t": [22.2, 48.1, 59.3, 6.0, 150.6054]}, "0.46": {"t2i": [0.22, 1.16, 2.02, 461.0, 471.3658], "i2t": [2.0, 4.5, 6.2, 434.0, 471.3658]}, "0.06": {"t2i": [24.18, 49.72, 60.36, 6.0, 44.6528], "i2t": [41.5, 71.6, 81.2, 2.0, 44.6528]}, "0.24": {"t2i": [2.66, 7.5, 10.26, 251.0, 329.5272], "i2t": [8.1, 20.6, 27.5, 53.0, 329.5272]}, "0.45": {"t2i": [0.26, 1.02, 1.82, 475.0, 476.8528], "i2t": [2.0, 4.4, 5.8, 451.0, 476.8528]}, "0.08": {"t2i": [19.24, 40.98, 51.86, 9.0, 71.5292], "i2t": [33.0, 64.0, 76.2, 3.0, 71.5292]}, "0.21": {"t2i": [3.58, 9.62, 13.74, 183.0, 285.4496], "i2t": [10.1, 25.7, 34.5, 28.0, 285.4496]}, "0.44": {"t2i": [0.26, 1.1, 1.8, 458.0, 472.2098], "i2t": [1.7, 5.3, 6.9, 454.0, 472.2098]}, "0.22": {"t2i": [2.96, 8.92, 13.0, 204.0, 295.5376], "i2t": [10.1, 22.7, 32.0, 35.0, 295.5376]}, "0.09": {"t2i": [16.68, 37.54, 47.44, 12.0, 80.4908], "i2t": [31.6, 60.4, 72.7, 3.0, 80.4908]}, "0.33": {"t2i": [0.68, 2.7, 4.3, 378.0, 416.9992], "i2t": [4.3, 10.5, 15.0, 197.0, 416.9992]}, "0.4": {"t2i": [0.5, 1.52, 2.56, 434.0, 454.8744], "i2t": [2.7, 6.1, 9.1, 327.0, 454.8744]}, "0.3": {"t2i": [1.04, 3.36, 5.54, 348.0, 396.7432], "i2t": [5.0, 12.8, 18.2, 122.0, 396.7432]}, "0.15": {"t2i": [7.6, 19.22, 25.6, 66.0, 186.5146], "i2t": [21.5, 42.3, 53.5, 9.0, 186.5146]}, "0.2": {"t2i": [3.72, 10.54, 14.98, 168.0, 274.8242], "i2t": [12.4, 27.0, 37.0, 24.0, 274.8242]}, "0.27": {"t2i": [1.8, 5.32, 7.7, 306.0, 366.4746], "i2t": [7.0, 18.0, 24.6, 70.0, 366.4746]}, "0.48": {"t2i": [0.28, 0.94, 1.52, 470.0, 479.6264], "i2t": [1.7, 3.0, 4.9, 485.0, 479.6264]}, "0.49": {"t2i": [0.16, 0.84, 1.74, 476.0, 481.4152], "i2t": [1.3, 3.9, 5.1, 534.0, 481.4152]}, "0.23": {"t2i": [2.58, 7.78, 11.56, 229.0, 313.4134], "i2t": [8.7, 23.3, 32.3, 38.0, 313.4134]}, "0.14": {"t2i": [8.04, 20.94, 28.64, 52.0, 165.0904], "i2t": [18.1, 43.2, 55.9, 8.0, 165.0904]}, "0.43": {"t2i": [0.26, 1.16, 1.82, 460.0, 469.4386], "i2t": [1.7, 3.9, 6.4, 439.0, 469.4386]}, "0.16": {"t2i": [7.12, 17.54, 23.68, 84.0, 202.9074], "i2t": [17.8, 39.6, 50.4, 10.0, 202.9074]}, "0.05": {"t2i": [28.22, 54.78, 64.66, 4.0, 37.9904], "i2t": [44.9, 74.3, 85.4, 2.0, 37.9904]}, "0.1": {"t2i": [13.96, 33.14, 42.48, 17.0, 102.553], "i2t": [28.3, 57.9, 70.2, 4.0, 102.553]}, "0.02": {"t2i": [35.32, 64.08, 74.12, 3.0, 24.3968], "i2t": [54.1, 81.3, 88.7, 1.0, 24.3968]}, "0.32": {"t2i": [0.96, 3.18, 5.12, 376.0, 414.6522], "i2t": [4.3, 11.1, 16.8, 138.0, 414.6522]}, "0.39": {"t2i": [0.54, 1.74, 2.7, 431.0, 450.7834], "i2t": [2.5, 7.8, 10.6, 288.0, 450.7834]}, "0.17": {"t2i": [5.72, 14.8, 20.4, 103.0, 220.5056], "i2t": [14.0, 34.3, 43.6, 15.0, 220.5056]}, "0.26": {"t2i": [1.84, 5.02, 8.38, 286.0, 355.4632], "i2t": [6.0, 18.0, 25.6, 66.0, 355.4632]}, "0.31": {"t2i": [1.0, 3.14, 4.92, 370.0, 407.8102], "i2t": [5.0, 11.5, 16.8, 152.0, 407.8102]}, "0.38": {"t2i": [0.72, 1.9, 3.02, 418.0, 444.0244], "i2t": [3.8, 9.5, 12.5, 285.0, 444.0244]}, "0.07": {"t2i": [22.4, 45.14, 55.18, 7.0, 56.838], "i2t": [38.2, 68.4, 79.0, 2.0, 56.838]}}