{"f30k_precomp.test.en/pred_time": 0.011617396026849747, "f30k_precomp.test.en/sim_time": 0.23514839995186776, "f30k_precomp.test.en/i2t_r1": 67.2, "f30k_precomp.test.en/i2t_r5": 89.4, "f30k_precomp.test.en/i2t_r10": 94.4, "f30k_precomp.test.en/i2t_medr": 1.0, "f30k_precomp.test.en/i2t_meanr": 4.089, "f30k_precomp.test.en/t2i_r1": 48.72, "f30k_precomp.test.en/t2i_r5": 78.06, "f30k_precomp.test.en/t2i_r10": 85.76, "f30k_precomp.test.en/t2i_medr": 2.0, "f30k_precomp.test.en/t2i_meanr": 10.4408, "f30k_precomp.test.en/rsum": 463.5400000000001}