{"jap_precomp.test.jt/pred_time": 0.02728298800002449, "jap_precomp.test.jt/sim_time": 0.41110386300033497, "jap_precomp.test.jt/i2t_r1": 55.373592630501534, "jap_precomp.test.jt/i2t_r5": 84.74923234390992, "jap_precomp.test.jt/i2t_r10": 92.83520982599795, "jap_precomp.test.jt/i2t_medr": 1.0, "jap_precomp.test.jt/i2t_meanr": 4.824974411463664, "jap_precomp.test.jt/t2i_r1": 45.11770726714432, "jap_precomp.test.jt/t2i_r5": 77.8300921187308, "jap_precomp.test.jt/t2i_r10": 87.3899692937564, "jap_precomp.test.jt/t2i_medr": 2.0, "jap_precomp.test.jt/t2i_meanr": 9.040532241555782, "jap_precomp.test.jt/rsum": 443.29580348004095}