{"jap_precomp.test.jt/pred_time": 0.020541051999998672, "jap_precomp.test.jt/sim_time": 0.20631280700013122, "jap_precomp.test.jt/i2t_r1": 54.65711361310133, "jap_precomp.test.jt/i2t_r5": 84.03275332650972, "jap_precomp.test.jt/i2t_r10": 92.22108495394063, "jap_precomp.test.jt/i2t_medr": 1.0, "jap_precomp.test.jt/i2t_meanr": 4.586489252814739, "jap_precomp.test.jt/t2i_r1": 42.96827021494371, "jap_precomp.test.jt/t2i_r5": 76.64278403275333, "jap_precomp.test.jt/t2i_r10": 87.81985670419652, "jap_precomp.test.jt/t2i_medr": 2.0, "jap_precomp.test.jt/t2i_meanr": 8.061617195496417, "jap_precomp.test.jt/rsum": 438.34186284544523}