{"jap_precomp.test.jt/pred_time": 0.007999255001777783, "jap_precomp.test.jt/sim_time": 0.07889910000085365, "jap_precomp.test.jt/i2t_r1": 55.885363357215965, "jap_precomp.test.jt/i2t_r5": 86.18219037871033, "jap_precomp.test.jt/i2t_r10": 93.65404298874104, "jap_precomp.test.jt/i2t_medr": 1.0, "jap_precomp.test.jt/i2t_meanr": 4.432958034800409, "jap_precomp.test.jt/t2i_r1": 43.602865916069604, "jap_precomp.test.jt/t2i_r5": 78.546571136131, "jap_precomp.test.jt/t2i_r10": 88.04503582395087, "jap_precomp.test.jt/t2i_medr": 2.0, "jap_precomp.test.jt/t2i_meanr": 8.473694984646878, "jap_precomp.test.jt/rsum": 445.9160696008188}