{"m30k_precomp.test.de/pred_time": 0.02909179194830358, "m30k_precomp.test.de/sim_time": 0.21501300297677517, "m30k_precomp.test.de/i2t_r1": 54.2, "m30k_precomp.test.de/i2t_r5": 82.4, "m30k_precomp.test.de/i2t_r10": 90.6, "m30k_precomp.test.de/i2t_medr": 1.0, "m30k_precomp.test.de/i2t_meanr": 6.736, "m30k_precomp.test.de/t2i_r1": 37.42, "m30k_precomp.test.de/t2i_r5": 66.38, "m30k_precomp.test.de/t2i_r10": 75.32, "m30k_precomp.test.de/t2i_medr": 2.0, "m30k_precomp.test.de/t2i_meanr": 24.7874, "m30k_precomp.test.de/rsum": 406.32000000000005}
