{"jap_precomp.test.jt/pred_time": 0.00941895599999043, "jap_precomp.test.jt/sim_time": 0.40522534900003393, "jap_precomp.test.jt/i2t_r1": 56.80655066530194, "jap_precomp.test.jt/i2t_r5": 84.85158648925281, "jap_precomp.test.jt/i2t_r10": 92.63050153531218, "jap_precomp.test.jt/i2t_medr": 1.0, "jap_precomp.test.jt/i2t_meanr": 4.7400204708290685, "jap_precomp.test.jt/t2i_r1": 44.01228249744115, "jap_precomp.test.jt/t2i_r5": 77.78915046059366, "jap_precomp.test.jt/t2i_r10": 88.14738996929376, "jap_precomp.test.jt/t2i_medr": 2.0, "jap_precomp.test.jt/t2i_meanr": 7.86345957011259, "jap_precomp.test.jt/rsum": 444.23746161719555}