{"m30k_precomp.test.de/pred_time": 0.03567727700283285, "m30k_precomp.test.de/sim_time": 0.2918718889995944, "m30k_precomp.test.de/i2t_r1": 52.0, "m30k_precomp.test.de/i2t_r5": 77.5, "m30k_precomp.test.de/i2t_r10": 86.9, "m30k_precomp.test.de/i2t_medr": 1.0, "m30k_precomp.test.de/i2t_meanr": 8.969000000000001, "m30k_precomp.test.de/t2i_r1": 34.18, "m30k_precomp.test.de/t2i_r5": 62.36, "m30k_precomp.test.de/t2i_r10": 71.94, "m30k_precomp.test.de/t2i_medr": 3.0, "m30k_precomp.test.de/t2i_meanr": 28.6342, "m30k_precomp.test.de/rsum": 384.88}