{"f30k_precomp.test.en/pred_time": 0.027178675052709877, "f30k_precomp.test.en/sim_time": 0.17273042094893754, "f30k_precomp.test.en/i2t_r1": 65.8, "f30k_precomp.test.en/i2t_r5": 87.2, "f30k_precomp.test.en/i2t_r10": 93.1, "f30k_precomp.test.en/i2t_medr": 1.0, "f30k_precomp.test.en/i2t_meanr": 4.596, "f30k_precomp.test.en/t2i_r1": 47.32, "f30k_precomp.test.en/t2i_r5": 75.74, "f30k_precomp.test.en/t2i_r10": 84.18, "f30k_precomp.test.en/t2i_medr": 2.0, "f30k_precomp.test.en/t2i_meanr": 14.2802, "f30k_precomp.test.en/rsum": 453.34000000000003}