{"m30k_precomp.test.de/pred_time": 0.029725286000029882, "m30k_precomp.test.de/sim_time": 0.48097679199986487, "m30k_precomp.test.de/i2t_r1": 52.8, "m30k_precomp.test.de/i2t_r5": 81.3, "m30k_precomp.test.de/i2t_r10": 88.9, "m30k_precomp.test.de/i2t_medr": 1.0, "m30k_precomp.test.de/i2t_meanr": 7.574, "m30k_precomp.test.de/t2i_r1": 36.28, "m30k_precomp.test.de/t2i_r5": 66.1, "m30k_precomp.test.de/t2i_r10": 76.28, "m30k_precomp.test.de/t2i_medr": 3.0, "m30k_precomp.test.de/t2i_meanr": 21.1132, "m30k_precomp.test.de/rsum": 401.65999999999997}