{
    "f30k_precomp.test.en/pred_time": 1.492501385975629,
    "f30k_precomp.test.en/sim_time": 44.620881016831845,
    "f30k_precomp.test.en/i2t_r1": 66.9,
    "f30k_precomp.test.en/i2t_r5": 89.6,
    "f30k_precomp.test.en/i2t_r10": 94.6,
    "f30k_precomp.test.en/i2t_medr": 1.0,
    "f30k_precomp.test.en/i2t_meanr": 4.1,
    "f30k_precomp.test.en/t2i_r1": 53.58,
    "f30k_precomp.test.en/t2i_r5": 80.8,
    "f30k_precomp.test.en/t2i_r10": 87.56,
    "f30k_precomp.test.en/t2i_medr": 1.0,
    "f30k_precomp.test.en/t2i_meanr": 8.929400000000001,
    "f30k_precomp.test.en/rsum": 473.03999999999996
}
